{
	"class_name" : "PinholeCameraParameters",
	"extrinsic" : 
	[
		0.066410709774031795,
		-0.093373733591551267,
		0.99341379268786256,
		0.0,
		-0.99675663427721473,
		0.039143781737065363,
		0.070313415332209792,
		0.0,
		-0.045451398786705829,
		-0.9948613522629649,
		-0.090471322096213599,
		0.0,
		0.18757148222161274,
		1.3990945748214703,
		4.1024433899168109,
		1.0
	],
	"intrinsic" : 
	{
		"height" : 1080,
		"intrinsic_matrix" : 
		[
			935.30743608719376,
			0.0,
			0.0,
			0.0,
			935.30743608719376,
			0.0,
			959.5,
			539.5,
			1.0
		],
		"width" : 1920
	},
	"version_major" : 1,
	"version_minor" : 0
}