{
    "position": {
        "x": 5.4387821444877495,
        "y": -0.22741804685282427,
        "z": -0.1214680276370482
    },
    "dimensions": {
        "x": 0.6939561108014554,
        "y": 0.26159181311455704,
        "z": 1.6581297939266673
    },
    "yaw": -1.53588974175501
}