{
    "position": {
        "x": 3.9372718334198,
        "y": -0.6516044735908508,
        "z": 0.030873477458953857
    },
    "dimensions": {
        "x": 0.889559268951416,
        "y": 0.7547129988670349,
        "z": 1.772523045539856
    },
    "yaw": -1.1417025337925257
}